orderid,buyer_userid,seller_userid,userid_x,device_x,dupe_x,userid_y,device_y,dupe_y,dlink
1955598428,35545436,70763052,35545436.0,/3TLpeou8xXsNxpACFFKr34Kqqwxiu5Hi1keJ6plk5E=,True,70763052.0,/3TLpeou8xXsNxpACFFKr34Kqqwxiu5Hi1keJ6plk5E=,True,1
1954515646,32834366,188151804,32834366.0,1KNEOFRIZaFcFx5+S+bOxyWuWBbITxnfoM7j6aZg05y=,True,188151804.0,1KNEOFRIZaFcFx5+S+bOxyWuWBbITxnfoM7j6aZg05y=,True,1
1953728724,168491444,158559422,168491444.0,yf7AHm3O97XAQwQuSmyoaxcaFSSAZcVCxm5YNgiEo4S=,True,158559422.0,yf7AHm3O97XAQwQuSmyoaxcaFSSAZcVCxm5YNgiEo4S=,True,1
1956165008,29689348,231810424,29689348.0,bGvR9cey+rry1FhUJrRw9djRmT9BtJlGu/vM8dbUQU0=,True,231810424.0,bGvR9cey+rry1FhUJrRw9djRmT9BtJlGu/vM8dbUQU0=,True,1
1954558468,235452908,235460800,235452908.0,V8hLxnXTJ0ua3SyVjCt3D06uZ8sofMHU3NxVjS7k7Ay=,True,235460800.0,V8hLxnXTJ0ua3SyVjCt3D06uZ8sofMHU3NxVjS7k7Ay=,True,1
1954261092,90399362,130818698,90399362.0,xRZq1B9kJ0Jq8m0fFO0sWBBjrXP9aeebaEUKkc799Ng=,True,130818698.0,xRZq1B9kJ0Jq8m0fFO0sWBBjrXP9aeebaEUKkc799Ng=,True,1
1953962424,63073454,8072632,63073454.0,sJFkdNSvONLNiKdVNP7jzeN0RdMYTgjmN+c7qXKXCrm=,True,8072632.0,sJFkdNSvONLNiKdVNP7jzeN0RdMYTgjmN+c7qXKXCrm=,True,1
1955114938,232793674,205139842,232793674.0,wravSe6XsxypAZzVSyBgLm/JgBTK91AiZpv/pynuThq=,True,205139842.0,wravSe6XsxypAZzVSyBgLm/JgBTK91AiZpv/pynuThq=,True,1
1956151844,208704224,43388456,208704224.0,g7UYRTExanhu9sO/AL79ARC/8hLADmEEEC2BA3gEtfm=,True,43388456.0,g7UYRTExanhu9sO/AL79ARC/8hLADmEEEC2BA3gEtfm=,True,1
1956151844,208704224,43388456,208704224.0,yadnCfqTirdFdFQAavNhdeKXq1Hd1trS2iEpErgl+1u=,True,43388456.0,yadnCfqTirdFdFQAavNhdeKXq1Hd1trS2iEpErgl+1u=,True,1
1954149772,235401354,78406452,235401354.0,I+k4DvsfF9aqEBUyQxANm67vluA83e5iRaQBC5+X/O4=,True,78406452.0,I+k4DvsfF9aqEBUyQxANm67vluA83e5iRaQBC5+X/O4=,True,1
1954289302,155985518,133103872,155985518.0,mXMinTptrdP3oRZVouadvY8pFTEnc59iXSa1NQ7N7O8=,True,133103872.0,mXMinTptrdP3oRZVouadvY8pFTEnc59iXSa1NQ7N7O8=,True,1
1954444640,225046494,146326266,225046494.0,LjnbFkM0GfkFCYcU2MFKtcUYqvFmzIlWrA+Bd1riwqO=,True,146326266.0,LjnbFkM0GfkFCYcU2MFKtcUYqvFmzIlWrA+Bd1riwqO=,True,1
1954648352,207471076,233033146,207471076.0,4qivjMuy3bVhCNw33/09Gr0vmsDuGpJbsPdL05LTAUI=,True,233033146.0,4qivjMuy3bVhCNw33/09Gr0vmsDuGpJbsPdL05LTAUI=,True,1
1954967186,162935966,143445188,162935966.0,GqT/PtuVhax9BZvxIhyEEklE7b4zD+cUL4G6qfs8wRW=,True,143445188.0,GqT/PtuVhax9BZvxIhyEEklE7b4zD+cUL4G6qfs8wRW=,True,1
1954989492,60669780,221570004,60669780.0,hheDODX/TsKcZO3xniOUwKQBqvwBHhbzcNV8MmXCWWu=,True,221570004.0,hheDODX/TsKcZO3xniOUwKQBqvwBHhbzcNV8MmXCWWu=,True,1
1954989492,60669780,221570004,60669780.0,x2piJPZrijgmBPJsLRVEFx1JbDBEkuPtfbHMEOs0HI8=,True,221570004.0,x2piJPZrijgmBPJsLRVEFx1JbDBEkuPtfbHMEOs0HI8=,True,1
1954576356,235457118,235460800,235457118.0,V8hLxnXTJ0ua3SyVjCt3D06uZ8sofMHU3NxVjS7k7Ay=,True,235460800.0,V8hLxnXTJ0ua3SyVjCt3D06uZ8sofMHU3NxVjS7k7Ay=,True,1
1955386150,202239374,62565874,202239374.0,+vz8LZ++stV+8QH3Ny7beSe8zyalsdiY05nlztJTTcW=,True,62565874.0,+vz8LZ++stV+8QH3Ny7beSe8zyalsdiY05nlztJTTcW=,True,1
1954161438,155985518,133103872,155985518.0,mXMinTptrdP3oRZVouadvY8pFTEnc59iXSa1NQ7N7O8=,True,133103872.0,mXMinTptrdP3oRZVouadvY8pFTEnc59iXSa1NQ7N7O8=,True,1
1954169068,235427122,74415764,235427122.0,AIbrGCRLCb972AcMj2Vj6lq6r9edtR/7qGBl9RylFuS=,True,74415764.0,AIbrGCRLCb972AcMj2Vj6lq6r9edtR/7qGBl9RylFuS=,True,1
1954169068,235427122,74415764,235427122.0,WmokHkm7E5RX/qVYDGV3TK9dB6TWLN8qXnkPNZgKf80=,True,74415764.0,WmokHkm7E5RX/qVYDGV3TK9dB6TWLN8qXnkPNZgKf80=,True,1
1954169068,235427122,74415764,235427122.0,pwCnZDUJzBeVMZUbAZLuqfGPBbtZpf9ywd7ZJueWhkI=,True,74415764.0,pwCnZDUJzBeVMZUbAZLuqfGPBbtZpf9ywd7ZJueWhkI=,True,1
1953549526,232120652,58698900,232120652.0,p02RjAO69Y8cRdnhi178eSoWwjLf66lxdyKGGq4F3gO=,True,58698900.0,p02RjAO69Y8cRdnhi178eSoWwjLf66lxdyKGGq4F3gO=,True,1
1954992372,4437214,154680340,4437214.0,OR7MqRap27i4DBeLH9+feaN0uzmvF5RQchBAdoHi7cO=,True,154680340.0,OR7MqRap27i4DBeLH9+feaN0uzmvF5RQchBAdoHi7cO=,True,1
1954286324,10387534,153448536,10387534.0,xXKL44jdl+FTp2plc7YwMFZJRykbEPGGgLLyziWpL9y=,True,153448536.0,xXKL44jdl+FTp2plc7YwMFZJRykbEPGGgLLyziWpL9y=,True,1
1955252130,100918044,68742042,100918044.0,NTx6kOhzZHaCHnujoP21JDOqUoBs6xoQ0HYhav4J0H0=,True,68742042.0,NTx6kOhzZHaCHnujoP21JDOqUoBs6xoQ0HYhav4J0H0=,True,1
1955599578,231969018,82871324,231969018.0,yd/ORzwthvj8EkTkrEUZOhB8W3K+uKeyCiz6j4M64iS=,True,82871324.0,yd/ORzwthvj8EkTkrEUZOhB8W3K+uKeyCiz6j4M64iS=,True,1
1956515036,4437214,154680340,4437214.0,OR7MqRap27i4DBeLH9+feaN0uzmvF5RQchBAdoHi7cO=,True,154680340.0,OR7MqRap27i4DBeLH9+feaN0uzmvF5RQchBAdoHi7cO=,True,1
1954560924,235452908,235460800,235452908.0,V8hLxnXTJ0ua3SyVjCt3D06uZ8sofMHU3NxVjS7k7Ay=,True,235460800.0,V8hLxnXTJ0ua3SyVjCt3D06uZ8sofMHU3NxVjS7k7Ay=,True,1
1955065028,51392336,22628554,51392336.0,xBEG92HJf0jR5RWmITgGKiHNLUH56cAlHLG+dimTSRW=,True,22628554.0,xBEG92HJf0jR5RWmITgGKiHNLUH56cAlHLG+dimTSRW=,True,1
1955780686,186778338,100942366,186778338.0,lsCzh0eTG9Y75i/UFLJiiq6cbghKjlUon7/Gdl61WmA=,True,100942366.0,lsCzh0eTG9Y75i/UFLJiiq6cbghKjlUon7/Gdl61WmA=,True,1
1953890506,4748430,21964656,4748430.0,FiPsPAWoP1O8Jqy1hZx+aWMT+c2ml/B1D1I0FUws9OE=,True,21964656.0,FiPsPAWoP1O8Jqy1hZx+aWMT+c2ml/B1D1I0FUws9OE=,True,1
1954307678,162360172,64897430,162360172.0,RauiPD8OUsAZ5o+4pMHR95A/QO9Rd8YFxEa1Ux71xTy=,True,64897430.0,RauiPD8OUsAZ5o+4pMHR95A/QO9Rd8YFxEa1Ux71xTy=,True,1
1954900170,155985518,133103872,155985518.0,mXMinTptrdP3oRZVouadvY8pFTEnc59iXSa1NQ7N7O8=,True,133103872.0,mXMinTptrdP3oRZVouadvY8pFTEnc59iXSa1NQ7N7O8=,True,1
1954584150,235457118,235460800,235457118.0,V8hLxnXTJ0ua3SyVjCt3D06uZ8sofMHU3NxVjS7k7Ay=,True,235460800.0,V8hLxnXTJ0ua3SyVjCt3D06uZ8sofMHU3NxVjS7k7Ay=,True,1
1953591936,149342012,60960976,149342012.0,5SwCiX83ldYP+vPwHvW8JH9+f5KFVxSbI0eFq+/i1Fu=,True,60960976.0,5SwCiX83ldYP+vPwHvW8JH9+f5KFVxSbI0eFq+/i1Fu=,True,1
1953591936,149342012,60960976,149342012.0,hhjn94kkVhAmap3oiuPWU39HcRoqko6Ctn2tZWoMnzg=,True,60960976.0,hhjn94kkVhAmap3oiuPWU39HcRoqko6Ctn2tZWoMnzg=,True,1
1953606990,234480766,26351380,234480766.0,/dBWgjx2NrZJPRS1ssSKynLoVqwoN19AQexwT1q8Quq=,True,26351380.0,/dBWgjx2NrZJPRS1ssSKynLoVqwoN19AQexwT1q8Quq=,True,1
1954118438,136220014,55418890,136220014.0,tAXXJipLm9X0sVaXRAu5xoV/Y1RlRdVWF3djnLgTPng=,True,55418890.0,tAXXJipLm9X0sVaXRAu5xoV/Y1RlRdVWF3djnLgTPng=,True,1
1955770282,234204716,147415630,234204716.0,NEYkoTqv0Fio5i/uXWTDMhp1TfdB14xRrsi/ZKneVuO=,True,147415630.0,NEYkoTqv0Fio5i/uXWTDMhp1TfdB14xRrsi/ZKneVuO=,True,1
1954334858,233231114,220633002,233231114.0,5beRii7r2wHcbG4xhPXdALf856308B+grYaR80cD5c0=,True,220633002.0,5beRii7r2wHcbG4xhPXdALf856308B+grYaR80cD5c0=,True,1
1954135512,147864436,222975070,147864436.0,Cuwr6pOA6fq0a4HXCi+MDNRtQBa4xnlQrr5LX6EOsmm=,True,222975070.0,Cuwr6pOA6fq0a4HXCi+MDNRtQBa4xnlQrr5LX6EOsmm=,True,1
1954135512,147864436,222975070,147864436.0,bMjPlcjjN7eAw0M75aAK1CyrnDyUUdyKAvwIRpFhs3u=,True,222975070.0,bMjPlcjjN7eAw0M75aAK1CyrnDyUUdyKAvwIRpFhs3u=,True,1
1954135512,147864436,222975070,147864436.0,etOkCx1lWrY49giVUb+SAhJYqaS2NRpru2cRIKsIJvq=,True,222975070.0,etOkCx1lWrY49giVUb+SAhJYqaS2NRpru2cRIKsIJvq=,True,1
1954135512,147864436,222975070,147864436.0,oSyoTN5PEg0uB6zm8VXTclZjpiWqTqVcSvg90wmU+TA=,True,222975070.0,oSyoTN5PEg0uB6zm8VXTclZjpiWqTqVcSvg90wmU+TA=,True,1
1956069824,228586386,150947486,228586386.0,j76ZDJS7nV21K0lDshi/i5Z8bh9U1gnM1UsMkKMkBGy=,True,150947486.0,j76ZDJS7nV21K0lDshi/i5Z8bh9U1gnM1UsMkKMkBGy=,True,1
1953887512,229218318,33651248,229218318.0,pb0VT/KMZp2LU9WnE2UYMafvtD/hbb63bJo7RuW2aZ0=,True,33651248.0,pb0VT/KMZp2LU9WnE2UYMafvtD/hbb63bJo7RuW2aZ0=,True,1
1955383612,37315364,175958894,37315364.0,4YrS9gfGImGsAw0wfHwbUBGZ+0kKrjl1JW3d2BNkDQg=,True,175958894.0,4YrS9gfGImGsAw0wfHwbUBGZ+0kKrjl1JW3d2BNkDQg=,True,1
1954926680,40831792,15853332,40831792.0,WquN8/hbZrrE401nmGTX3blxc5dQUEcvW9vWpeXeI+S=,True,15853332.0,WquN8/hbZrrE401nmGTX3blxc5dQUEcvW9vWpeXeI+S=,True,1
1955597626,175581274,123961640,175581274.0,SgXy7CTjATxFacpXvmEzuDrBC/J6lAPWmn8tgVHNa4W=,True,123961640.0,SgXy7CTjATxFacpXvmEzuDrBC/J6lAPWmn8tgVHNa4W=,True,1
1955908154,198518630,25098278,198518630.0,L39R4mLcfX4Zvx8r31svXWZtKJyKWqDSqT4a5Us0boW=,True,25098278.0,L39R4mLcfX4Zvx8r31svXWZtKJyKWqDSqT4a5Us0boW=,True,1
1956353642,112909776,8044872,112909776.0,oXkO3X6XaHMKIiFNz+C6EfLUB9liRYVGx85GsCVGCpy=,True,8044872.0,oXkO3X6XaHMKIiFNz+C6EfLUB9liRYVGx85GsCVGCpy=,True,1
1956666682,231410894,77354928,231410894.0,342x7xdtyNloASDhu7M0fB9xxtpFerC/HMMJLRSrjcO=,True,77354928.0,342x7xdtyNloASDhu7M0fB9xxtpFerC/HMMJLRSrjcO=,True,1
1956666682,231410894,77354928,231410894.0,WCmvlzeF2vaOHUmH/tKNgpRuWE6VLiJNRnSssr8mvbI=,True,77354928.0,WCmvlzeF2vaOHUmH/tKNgpRuWE6VLiJNRnSssr8mvbI=,True,1
1955487774,69915664,234337736,69915664.0,VX/jyB3n5iW+3PKIVVSTFjkPAYdHg82cCkLq8s07NLK=,True,234337736.0,VX/jyB3n5iW+3PKIVVSTFjkPAYdHg82cCkLq8s07NLK=,True,1
1954889864,113816424,12656106,113816424.0,GauVQHx4XwA3njiLUfvGSYpCPkl35mhfIdun1X4KsQA=,True,12656106.0,GauVQHx4XwA3njiLUfvGSYpCPkl35mhfIdun1X4KsQA=,True,1
1953837704,232718332,27250450,232718332.0,7rzlNIaHp9IsLKCIr7SIGvdkRJufMYukRWtxCPLnETc=,True,27250450.0,7rzlNIaHp9IsLKCIr7SIGvdkRJufMYukRWtxCPLnETc=,True,1
1955038186,37391728,30626054,37391728.0,QL6RtARaPYGobW6HBaNGXoJuqH2KkIvr0mFitbmTY7A=,True,30626054.0,QL6RtARaPYGobW6HBaNGXoJuqH2KkIvr0mFitbmTY7A=,True,1
1954696054,57355358,228510618,57355358.0,qZuBysx1/xPi6JhLD08h9KV+j0VwhCHCcbFt9K6Ih6S=,True,228510618.0,qZuBysx1/xPi6JhLD08h9KV+j0VwhCHCcbFt9K6Ih6S=,True,1
1955119840,155985518,133103872,155985518.0,mXMinTptrdP3oRZVouadvY8pFTEnc59iXSa1NQ7N7O8=,True,133103872.0,mXMinTptrdP3oRZVouadvY8pFTEnc59iXSa1NQ7N7O8=,True,1
1954337068,126273888,119057914,126273888.0,skl//WQ+HOxdahQB9Sb6AVTVqcFJ2SfnWjwXhNMvgbE=,True,119057914.0,skl//WQ+HOxdahQB9Sb6AVTVqcFJ2SfnWjwXhNMvgbE=,True,1
1953650566,193500878,184316086,193500878.0,pp2SpaSSGaOvJ4+OHtkk2PYEMLtwm1VTvb/YptvvEoI=,True,184316086.0,pp2SpaSSGaOvJ4+OHtkk2PYEMLtwm1VTvb/YptvvEoI=,True,1
1955447648,228037282,45617794,228037282.0,lnArGlZ8rs9zDZyVVgkL53ydx4+zqiC+YtVV+BM0vHS=,True,45617794.0,lnArGlZ8rs9zDZyVVgkL53ydx4+zqiC+YtVV+BM0vHS=,True,1
1955389836,26862332,26516230,26862332.0,8dlaqzbRkB39MxRRl4DIcwpZ7Xdb20Z/JkRLNh8LRVS=,True,26516230.0,8dlaqzbRkB39MxRRl4DIcwpZ7Xdb20Z/JkRLNh8LRVS=,True,1
1954585424,235457118,235460800,235457118.0,V8hLxnXTJ0ua3SyVjCt3D06uZ8sofMHU3NxVjS7k7Ay=,True,235460800.0,V8hLxnXTJ0ua3SyVjCt3D06uZ8sofMHU3NxVjS7k7Ay=,True,1
1955424168,159132118,187392042,159132118.0,/+k342+fSW3vt7c0D2tFH2R+gxQIUcz7Aejn6M8F16m=,True,187392042.0,/+k342+fSW3vt7c0D2tFH2R+gxQIUcz7Aejn6M8F16m=,True,1
1955424168,159132118,187392042,159132118.0,hvJQZ6kte6JRe2v8nR3YSGulMmAqOQ1KGB87nOyPJ10=,True,187392042.0,hvJQZ6kte6JRe2v8nR3YSGulMmAqOQ1KGB87nOyPJ10=,True,1
1955424168,159132118,187392042,159132118.0,jMI6cKgzSi/0LUBuEJht3kZKUCg/n03Sx+l3CF4Cg+m=,True,187392042.0,jMI6cKgzSi/0LUBuEJht3kZKUCg/n03Sx+l3CF4Cg+m=,True,1
1954842020,4437214,154680340,4437214.0,OR7MqRap27i4DBeLH9+feaN0uzmvF5RQchBAdoHi7cO=,True,154680340.0,OR7MqRap27i4DBeLH9+feaN0uzmvF5RQchBAdoHi7cO=,True,1
1953347616,21379502,20849020,21379502.0,Hm86ekeEmwlsiYqHEY5UUhJ/+8Dho36ZaRRolqnD8AA=,True,20849020.0,Hm86ekeEmwlsiYqHEY5UUhJ/+8Dho36ZaRRolqnD8AA=,True,1
1955388422,232793674,205139842,232793674.0,wravSe6XsxypAZzVSyBgLm/JgBTK91AiZpv/pynuThq=,True,205139842.0,wravSe6XsxypAZzVSyBgLm/JgBTK91AiZpv/pynuThq=,True,1
1956194794,120189696,91702034,120189696.0,C8FgMwtMW4IQH8L1ltwmmlMMznrnM6ywV0GtrTMAm6q=,True,91702034.0,C8FgMwtMW4IQH8L1ltwmmlMMznrnM6ywV0GtrTMAm6q=,True,1
1955427308,159132118,187392042,159132118.0,/+k342+fSW3vt7c0D2tFH2R+gxQIUcz7Aejn6M8F16m=,True,187392042.0,/+k342+fSW3vt7c0D2tFH2R+gxQIUcz7Aejn6M8F16m=,True,1
1955427308,159132118,187392042,159132118.0,hvJQZ6kte6JRe2v8nR3YSGulMmAqOQ1KGB87nOyPJ10=,True,187392042.0,hvJQZ6kte6JRe2v8nR3YSGulMmAqOQ1KGB87nOyPJ10=,True,1
1955427308,159132118,187392042,159132118.0,jMI6cKgzSi/0LUBuEJht3kZKUCg/n03Sx+l3CF4Cg+m=,True,187392042.0,jMI6cKgzSi/0LUBuEJht3kZKUCg/n03Sx+l3CF4Cg+m=,True,1
1956049858,235158274,140147938,235158274.0,rsYxycNhXYHhebmvvN2mOGSZkPL2wi0QIze7SMvclv4=,True,140147938.0,rsYxycNhXYHhebmvvN2mOGSZkPL2wi0QIze7SMvclv4=,True,1
1956344392,29689348,231810424,29689348.0,bGvR9cey+rry1FhUJrRw9djRmT9BtJlGu/vM8dbUQU0=,True,231810424.0,bGvR9cey+rry1FhUJrRw9djRmT9BtJlGu/vM8dbUQU0=,True,1
1954507148,7510548,233770140,7510548.0,42CQLpBOe+1ux7PDDAekeqaVzMFfAxDdNe3FZjcpPsO=,True,233770140.0,42CQLpBOe+1ux7PDDAekeqaVzMFfAxDdNe3FZjcpPsO=,True,1
1954507148,7510548,233770140,7510548.0,rhCGRr1PQjYVJcFvQtDAWJ2QfS8aAKhcBsykDTw3qGy=,True,233770140.0,rhCGRr1PQjYVJcFvQtDAWJ2QfS8aAKhcBsykDTw3qGy=,True,1
1954586704,235457118,235460800,235457118.0,V8hLxnXTJ0ua3SyVjCt3D06uZ8sofMHU3NxVjS7k7Ay=,True,235460800.0,V8hLxnXTJ0ua3SyVjCt3D06uZ8sofMHU3NxVjS7k7Ay=,True,1
1954331526,173236460,167623852,173236460.0,1Y2gsiwIp+C/SRKWz7+rFIepBqBJ6L7HVw0wCXeZD5O=,True,167623852.0,1Y2gsiwIp+C/SRKWz7+rFIepBqBJ6L7HVw0wCXeZD5O=,True,1
1954331526,173236460,167623852,173236460.0,FCYZHJCUnRQIuq7bRr0j3Qv9OTqBzmEKcaRPV0UmFny=,True,167623852.0,FCYZHJCUnRQIuq7bRr0j3Qv9OTqBzmEKcaRPV0UmFny=,True,1
1953995790,227124616,15459944,227124616.0,dHjXZIKVEUj2Z9TJeruG/jy1o0dkNR0N6SpZnJtpNW4=,True,15459944.0,dHjXZIKVEUj2Z9TJeruG/jy1o0dkNR0N6SpZnJtpNW4=,True,1
1953995790,227124616,15459944,227124616.0,nJCFVqzy2ODFURCeckmQddY8zmiK8Bi8iZ+ZtGmZhqm=,True,15459944.0,nJCFVqzy2ODFURCeckmQddY8zmiK8Bi8iZ+ZtGmZhqm=,True,1
1955958696,223814202,124770776,223814202.0,2JYI7SmYrgsaCfVvYKVpp62e0Ac74NwzCq1EzazoMUm=,True,124770776.0,2JYI7SmYrgsaCfVvYKVpp62e0Ac74NwzCq1EzazoMUm=,True,1
1955958696,223814202,124770776,223814202.0,pkYLBqjzJFWGXtbNTSPCT6gK0EkaFB+4gtmBb+e4bVu=,True,124770776.0,pkYLBqjzJFWGXtbNTSPCT6gK0EkaFB+4gtmBb+e4bVu=,True,1
1955985684,228586386,150947486,228586386.0,j76ZDJS7nV21K0lDshi/i5Z8bh9U1gnM1UsMkKMkBGy=,True,150947486.0,j76ZDJS7nV21K0lDshi/i5Z8bh9U1gnM1UsMkKMkBGy=,True,1
1955671138,199557406,79147614,199557406.0,K6K5kdNl6L7xvksIlL0JM4s79imLL2nxF6Mi1oddkbm=,True,79147614.0,K6K5kdNl6L7xvksIlL0JM4s79imLL2nxF6Mi1oddkbm=,True,1
1955672074,155985518,133103872,155985518.0,mXMinTptrdP3oRZVouadvY8pFTEnc59iXSa1NQ7N7O8=,True,133103872.0,mXMinTptrdP3oRZVouadvY8pFTEnc59iXSa1NQ7N7O8=,True,1
1954837918,231319052,63428722,231319052.0,/val2Ne0VDkj9tiBEqVKNKqBeILutlfCDaY6YDfhFay=,True,63428722.0,/val2Ne0VDkj9tiBEqVKNKqBeILutlfCDaY6YDfhFay=,True,1
1953985740,227124616,15459944,227124616.0,dHjXZIKVEUj2Z9TJeruG/jy1o0dkNR0N6SpZnJtpNW4=,True,15459944.0,dHjXZIKVEUj2Z9TJeruG/jy1o0dkNR0N6SpZnJtpNW4=,True,1
1953985740,227124616,15459944,227124616.0,nJCFVqzy2ODFURCeckmQddY8zmiK8Bi8iZ+ZtGmZhqm=,True,15459944.0,nJCFVqzy2ODFURCeckmQddY8zmiK8Bi8iZ+ZtGmZhqm=,True,1
1956150932,228747390,115345524,228747390.0,DIr6mFu1qZcdIcBCqAKcnr2I9E1enPyujV8oFmSpTRA=,True,115345524.0,DIr6mFu1qZcdIcBCqAKcnr2I9E1enPyujV8oFmSpTRA=,True,1
1954133344,208116344,66672466,208116344.0,3yzEc/sKlLxgP+3AbhUW3GUS8Jm/lziJcetNU7c9ELu=,True,66672466.0,3yzEc/sKlLxgP+3AbhUW3GUS8Jm/lziJcetNU7c9ELu=,True,1
1954421458,194668436,56051704,194668436.0,RW8Dr64kqh9E1zTGrBffdm4L7u++8/zkNsyOX3rIh0S=,True,56051704.0,RW8Dr64kqh9E1zTGrBffdm4L7u++8/zkNsyOX3rIh0S=,True,1
1956375912,205791860,133996670,205791860.0,v5/PsuA3OuqhT0cPg1Kzi6CxPtyP2MNB7C+3V22BoV4=,True,133996670.0,v5/PsuA3OuqhT0cPg1Kzi6CxPtyP2MNB7C+3V22BoV4=,True,1
1956256924,219277150,221267420,219277150.0,4E2CBPMrFXwNIMdVjauvGN7OLaRLeFuuZEMXuWtT338=,True,221267420.0,4E2CBPMrFXwNIMdVjauvGN7OLaRLeFuuZEMXuWtT338=,True,1
1953500928,159250282,171413150,159250282.0,PXnTLvKjX57erYa5XVypbTm5C9+AUTLYTCXh+NZC8iy=,True,171413150.0,PXnTLvKjX57erYa5XVypbTm5C9+AUTLYTCXh+NZC8iy=,True,1
1953500928,159250282,171413150,159250282.0,yGos0Ei6xP36h+uivScHsk+PRgGrSRvKPbwP8cSYfAc=,True,171413150.0,yGos0Ei6xP36h+uivScHsk+PRgGrSRvKPbwP8cSYfAc=,True,1
1953489172,173525902,118810330,173525902.0,WqQxGSd6OVxI4JTjqLmKcBdlkOYiJ54/ohsV+4bt2bO=,True,118810330.0,WqQxGSd6OVxI4JTjqLmKcBdlkOYiJ54/ohsV+4bt2bO=,True,1
1955304080,100918044,68742042,100918044.0,NTx6kOhzZHaCHnujoP21JDOqUoBs6xoQ0HYhav4J0H0=,True,68742042.0,NTx6kOhzZHaCHnujoP21JDOqUoBs6xoQ0HYhav4J0H0=,True,1
1954818070,4437214,154680340,4437214.0,OR7MqRap27i4DBeLH9+feaN0uzmvF5RQchBAdoHi7cO=,True,154680340.0,OR7MqRap27i4DBeLH9+feaN0uzmvF5RQchBAdoHi7cO=,True,1
1953636376,12393508,10398992,12393508.0,o7jOJBvhZG/l36jBxYvyqF3wunzfEs9B0Nr3Bp3I4Tg=,True,10398992.0,o7jOJBvhZG/l36jBxYvyqF3wunzfEs9B0Nr3Bp3I4Tg=,True,1
1953356962,234517566,132443726,234517566.0,Haj9Z5nEuMpdrjjP+WPRTsDcxsRcjm6buzjVrztMhTg=,True,132443726.0,Haj9Z5nEuMpdrjjP+WPRTsDcxsRcjm6buzjVrztMhTg=,True,1
1955912568,201927868,189692384,201927868.0,F2ilvIdHt4LosIYG3WomjiPeZVMmMDNSygxyFvn81wg=,True,189692384.0,F2ilvIdHt4LosIYG3WomjiPeZVMmMDNSygxyFvn81wg=,True,1
1955912568,201927868,189692384,201927868.0,SJaR112Py2SbWlBwHc5yEZ+j9R6zgkK0s+rxYrGJT9g=,True,189692384.0,SJaR112Py2SbWlBwHc5yEZ+j9R6zgkK0s+rxYrGJT9g=,True,1
1955166134,6024908,25630534,6024908.0,7IzB6Qu4cz/CqLf2EA3lWnVk+n5CLv6IsAj81RPcrjI=,True,25630534.0,7IzB6Qu4cz/CqLf2EA3lWnVk+n5CLv6IsAj81RPcrjI=,True,1
1955166134,6024908,25630534,6024908.0,88OefAe2NuAa/JQWuu8cNMF30GDEHyVq7HTKJ87GFlq=,True,25630534.0,88OefAe2NuAa/JQWuu8cNMF30GDEHyVq7HTKJ87GFlq=,True,1
1955166134,6024908,25630534,6024908.0,SfXZRiBnbkSDT65aa/GLBjOzaQ8KCWLMUccLDK4ohuq=,True,25630534.0,SfXZRiBnbkSDT65aa/GLBjOzaQ8KCWLMUccLDK4ohuq=,True,1
1955166134,6024908,25630534,6024908.0,ZQzJzbZ0Rk5oDtpI5VAbZgu4JMxP3l0+9oIY4argdxK=,True,25630534.0,ZQzJzbZ0Rk5oDtpI5VAbZgu4JMxP3l0+9oIY4argdxK=,True,1
1955166134,6024908,25630534,6024908.0,b0TSHXQqF3U+94ovaewc99BAGed8xF2dV0cIZ4QHQ9I=,True,25630534.0,b0TSHXQqF3U+94ovaewc99BAGed8xF2dV0cIZ4QHQ9I=,True,1
1954554226,32834366,188151804,32834366.0,1KNEOFRIZaFcFx5+S+bOxyWuWBbITxnfoM7j6aZg05y=,True,188151804.0,1KNEOFRIZaFcFx5+S+bOxyWuWBbITxnfoM7j6aZg05y=,True,1
1954884760,234396926,219338060,234396926.0,IHB5e1kQu23NY1c3DM7v15Uyp0pjLxH2R3rB47fiwnI=,True,219338060.0,IHB5e1kQu23NY1c3DM7v15Uyp0pjLxH2R3rB47fiwnI=,True,1
1956058406,235461638,5708826,235461638.0,g1Ff3x8GmGmOAioJuyZfPjKtetyWT8FNyNxHV694Q1E=,True,5708826.0,g1Ff3x8GmGmOAioJuyZfPjKtetyWT8FNyNxHV694Q1E=,True,1
1954161738,163260544,24392848,163260544.0,ebgoiYBsFzQeTiX6ugr9YURFkSoqDgBKunmRw4Fi/Cm=,True,24392848.0,ebgoiYBsFzQeTiX6ugr9YURFkSoqDgBKunmRw4Fi/Cm=,True,1
1955680518,222658972,209556392,222658972.0,91EIYfninM2DggDSbRXha992o5R/jBJQjP3V0fm800c=,True,209556392.0,91EIYfninM2DggDSbRXha992o5R/jBJQjP3V0fm800c=,True,1
1953844046,155985518,133103872,155985518.0,mXMinTptrdP3oRZVouadvY8pFTEnc59iXSa1NQ7N7O8=,True,133103872.0,mXMinTptrdP3oRZVouadvY8pFTEnc59iXSa1NQ7N7O8=,True,1
1956639964,58799752,186511864,58799752.0,wKjJztTY3CTaFPaijuVH1GxsEwY9m4ysL5MyPKs2JZm=,True,186511864.0,wKjJztTY3CTaFPaijuVH1GxsEwY9m4ysL5MyPKs2JZm=,True,1
1953657988,159485286,61657246,159485286.0,9w9+hBC6lD/+I6GHBYG9mzLZ66Ew0IkNr2fBId3poJK=,True,61657246.0,9w9+hBC6lD/+I6GHBYG9mzLZ66Ew0IkNr2fBId3poJK=,True,1
1955025986,28508722,81389596,28508722.0,CEVwFhCFwaO/G1t7PQggJjhZS5JQ3XTdyX8ad5fxlNE=,True,81389596.0,CEVwFhCFwaO/G1t7PQggJjhZS5JQ3XTdyX8ad5fxlNE=,True,1
1955386900,155985518,133103872,155985518.0,mXMinTptrdP3oRZVouadvY8pFTEnc59iXSa1NQ7N7O8=,True,133103872.0,mXMinTptrdP3oRZVouadvY8pFTEnc59iXSa1NQ7N7O8=,True,1
1956262846,235630292,156626006,235630292.0,SE21goRDxteUtqu1qSmOrPr44/NDvTjgB6ajsokmXdS=,True,156626006.0,SE21goRDxteUtqu1qSmOrPr44/NDvTjgB6ajsokmXdS=,True,1
1956262846,235630292,156626006,235630292.0,W32eqQLzFhFQfaqB5qYarBQgO3TNYOR0qG1/9SfYbUK=,True,156626006.0,W32eqQLzFhFQfaqB5qYarBQgO3TNYOR0qG1/9SfYbUK=,True,1
1955462716,234586552,148278614,234586552.0,EbJwfDqPnFalaDvUsi1hMhjfNhwQDpiol4oL9Kq5SmE=,True,148278614.0,EbJwfDqPnFalaDvUsi1hMhjfNhwQDpiol4oL9Kq5SmE=,True,1
1955430254,159132118,187392042,159132118.0,/+k342+fSW3vt7c0D2tFH2R+gxQIUcz7Aejn6M8F16m=,True,187392042.0,/+k342+fSW3vt7c0D2tFH2R+gxQIUcz7Aejn6M8F16m=,True,1
1955430254,159132118,187392042,159132118.0,hvJQZ6kte6JRe2v8nR3YSGulMmAqOQ1KGB87nOyPJ10=,True,187392042.0,hvJQZ6kte6JRe2v8nR3YSGulMmAqOQ1KGB87nOyPJ10=,True,1
1955430254,159132118,187392042,159132118.0,jMI6cKgzSi/0LUBuEJht3kZKUCg/n03Sx+l3CF4Cg+m=,True,187392042.0,jMI6cKgzSi/0LUBuEJht3kZKUCg/n03Sx+l3CF4Cg+m=,True,1
1953898142,137948498,86777010,137948498.0,KRtyj2Zodnd5aXzu7sP8eHOvc3oImZpQSnnqaAv26N4=,True,86777010.0,KRtyj2Zodnd5aXzu7sP8eHOvc3oImZpQSnnqaAv26N4=,True,1
1953898142,137948498,86777010,137948498.0,WInqMbYdrDmIS9xaeejXRQFLY87DotxTBoJ+ppbKfom=,True,86777010.0,WInqMbYdrDmIS9xaeejXRQFLY87DotxTBoJ+ppbKfom=,True,1
1954225100,89242910,58018626,89242910.0,l/Bs38W/xfgvJMIX2sAE7RRiW9FY2jR1SuuX3PLe640=,True,58018626.0,l/Bs38W/xfgvJMIX2sAE7RRiW9FY2jR1SuuX3PLe640=,True,1
1955321544,100918044,68742042,100918044.0,NTx6kOhzZHaCHnujoP21JDOqUoBs6xoQ0HYhav4J0H0=,True,68742042.0,NTx6kOhzZHaCHnujoP21JDOqUoBs6xoQ0HYhav4J0H0=,True,1
1954913994,214167018,6588124,214167018.0,fc1UM6y7frdXfocQAAt3WHVGhlNJProufPSEDmOKjNS=,True,6588124.0,fc1UM6y7frdXfocQAAt3WHVGhlNJProufPSEDmOKjNS=,True,1
1955308304,100918044,68742042,100918044.0,NTx6kOhzZHaCHnujoP21JDOqUoBs6xoQ0HYhav4J0H0=,True,68742042.0,NTx6kOhzZHaCHnujoP21JDOqUoBs6xoQ0HYhav4J0H0=,True,1
1953997974,227124616,15459944,227124616.0,dHjXZIKVEUj2Z9TJeruG/jy1o0dkNR0N6SpZnJtpNW4=,True,15459944.0,dHjXZIKVEUj2Z9TJeruG/jy1o0dkNR0N6SpZnJtpNW4=,True,1
1953997974,227124616,15459944,227124616.0,nJCFVqzy2ODFURCeckmQddY8zmiK8Bi8iZ+ZtGmZhqm=,True,15459944.0,nJCFVqzy2ODFURCeckmQddY8zmiK8Bi8iZ+ZtGmZhqm=,True,1
1956366870,235607244,232319340,235607244.0,nxeJWkq2ZRc4GgCBnwP20q649Koh4Cu7gFKhlYuv4dA=,True,232319340.0,nxeJWkq2ZRc4GgCBnwP20q649Koh4Cu7gFKhlYuv4dA=,True,1
1953567282,234241718,26351380,234241718.0,LANTkgTpo+Z0gGdlkaqvZ0Pva+nJM2utT02kqQtvkOK=,True,26351380.0,LANTkgTpo+Z0gGdlkaqvZ0Pva+nJM2utT02kqQtvkOK=,True,1
1954494028,103148906,98713362,103148906.0,CjhNPPmR2d0Pw7prXjGDJC9tHtrpUocNWTBuUVnReQg=,True,98713362.0,CjhNPPmR2d0Pw7prXjGDJC9tHtrpUocNWTBuUVnReQg=,True,1
1953402930,235346694,19157822,235346694.0,zaiFZrJapuJ2D+ououkBV0boJOU4aJ+/T+xgdlTpp20=,True,19157822.0,zaiFZrJapuJ2D+ououkBV0boJOU4aJ+/T+xgdlTpp20=,True,1
1956071188,234204716,147415630,234204716.0,NEYkoTqv0Fio5i/uXWTDMhp1TfdB14xRrsi/ZKneVuO=,True,147415630.0,NEYkoTqv0Fio5i/uXWTDMhp1TfdB14xRrsi/ZKneVuO=,True,1
1955691004,158492966,17704924,158492966.0,iah3i76paFUNjsgv/N/Af8zTSGyFrlbRv+I/yVPGzp4=,True,17704924.0,iah3i76paFUNjsgv/N/Af8zTSGyFrlbRv+I/yVPGzp4=,True,1
1955691004,158492966,17704924,158492966.0,jmbOTuQUroMm4MqBUqkgR41oawl66+Z6IJhdvICsamg=,True,17704924.0,jmbOTuQUroMm4MqBUqkgR41oawl66+Z6IJhdvICsamg=,True,1
1955691004,158492966,17704924,158492966.0,rVgcMAt00xfDo3BRlBgICXJjn5wU151W6u0h3+NRWUy=,True,17704924.0,rVgcMAt00xfDo3BRlBgICXJjn5wU151W6u0h3+NRWUy=,True,1
1956154598,154174290,87529920,154174290.0,lvktDJ+zpKYOeWXnSI3UNSgHYJTFRA/sECJtCPtcb8u=,True,87529920.0,lvktDJ+zpKYOeWXnSI3UNSgHYJTFRA/sECJtCPtcb8u=,True,1
1955235222,144673420,61910882,144673420.0,TsBzGgDIEc5xSg8aGaE8caHV+uVsCupJ9nvrBYvWky8=,True,61910882.0,TsBzGgDIEc5xSg8aGaE8caHV+uVsCupJ9nvrBYvWky8=,True,1
1955870544,155985518,133103872,155985518.0,mXMinTptrdP3oRZVouadvY8pFTEnc59iXSa1NQ7N7O8=,True,133103872.0,mXMinTptrdP3oRZVouadvY8pFTEnc59iXSa1NQ7N7O8=,True,1
1953884062,24392848,163260544,24392848.0,ebgoiYBsFzQeTiX6ugr9YURFkSoqDgBKunmRw4Fi/Cm=,True,163260544.0,ebgoiYBsFzQeTiX6ugr9YURFkSoqDgBKunmRw4Fi/Cm=,True,1
1954567440,235452908,235460800,235452908.0,V8hLxnXTJ0ua3SyVjCt3D06uZ8sofMHU3NxVjS7k7Ay=,True,235460800.0,V8hLxnXTJ0ua3SyVjCt3D06uZ8sofMHU3NxVjS7k7Ay=,True,1
1954708440,34081888,215678980,34081888.0,XDnQ+3QkZfOYbhKcxBsV4DoDoaGTJfxJxMEHUYL7Xx0=,True,215678980.0,XDnQ+3QkZfOYbhKcxBsV4DoDoaGTJfxJxMEHUYL7Xx0=,True,1
1956435316,231331270,194452750,231331270.0,71RF4uCqqEFMBp4vDHxSpnCmEmGznAiJ3ED42joivLW=,True,194452750.0,71RF4uCqqEFMBp4vDHxSpnCmEmGznAiJ3ED42joivLW=,True,1
1956032274,208058316,156130842,208058316.0,0iYm4QjB/cHlPu/VDACQrNgBk42P6UsmEIAA133r3Qy=,True,156130842.0,0iYm4QjB/cHlPu/VDACQrNgBk42P6UsmEIAA133r3Qy=,True,1
1956000558,155985518,133103872,155985518.0,mXMinTptrdP3oRZVouadvY8pFTEnc59iXSa1NQ7N7O8=,True,133103872.0,mXMinTptrdP3oRZVouadvY8pFTEnc59iXSa1NQ7N7O8=,True,1
1954073928,8607462,150973602,8607462.0,CVvSsRrEX26EOHZ+1gFk2spvF7ODTenZMql8Smlm83I=,True,150973602.0,CVvSsRrEX26EOHZ+1gFk2spvF7ODTenZMql8Smlm83I=,True,1
1955131690,50471434,51048558,50471434.0,5vUrGsIeebCHndI5eLtlPwTxqGB/WI3UvHV9AsVVqmA=,True,51048558.0,5vUrGsIeebCHndI5eLtlPwTxqGB/WI3UvHV9AsVVqmA=,True,1
1954908954,20816188,209003944,20816188.0,VXoDWgGM2id5nOlzdEK/tuwUDs6+vb0/MOm5+belpFg=,True,209003944.0,VXoDWgGM2id5nOlzdEK/tuwUDs6+vb0/MOm5+belpFg=,True,1
1954493746,155985518,133103872,155985518.0,mXMinTptrdP3oRZVouadvY8pFTEnc59iXSa1NQ7N7O8=,True,133103872.0,mXMinTptrdP3oRZVouadvY8pFTEnc59iXSa1NQ7N7O8=,True,1
1954220692,235427122,74415764,235427122.0,AIbrGCRLCb972AcMj2Vj6lq6r9edtR/7qGBl9RylFuS=,True,74415764.0,AIbrGCRLCb972AcMj2Vj6lq6r9edtR/7qGBl9RylFuS=,True,1
1954220692,235427122,74415764,235427122.0,WmokHkm7E5RX/qVYDGV3TK9dB6TWLN8qXnkPNZgKf80=,True,74415764.0,WmokHkm7E5RX/qVYDGV3TK9dB6TWLN8qXnkPNZgKf80=,True,1
1954220692,235427122,74415764,235427122.0,pwCnZDUJzBeVMZUbAZLuqfGPBbtZpf9ywd7ZJueWhkI=,True,74415764.0,pwCnZDUJzBeVMZUbAZLuqfGPBbtZpf9ywd7ZJueWhkI=,True,1
1954301508,185380090,105215590,185380090.0,uMhpgKmJrt5oqzgn8rJvMPrbcUN0ya7Xu4hA6GKUOqm=,True,105215590.0,uMhpgKmJrt5oqzgn8rJvMPrbcUN0ya7Xu4hA6GKUOqm=,True,1
1956634878,174740780,118892656,174740780.0,+hzeXQZlYK3tYjQF6YW5AWCEYrlr7wegBzgMNC4GtB4=,True,118892656.0,+hzeXQZlYK3tYjQF6YW5AWCEYrlr7wegBzgMNC4GtB4=,True,1
1954894760,151550652,37623620,151550652.0,3O1REbElAF2p2ZSIDKBXNSasd8FfN7Kv4Fu60JE8HE4=,True,37623620.0,3O1REbElAF2p2ZSIDKBXNSasd8FfN7Kv4Fu60JE8HE4=,True,1
1953993170,227124616,15459944,227124616.0,dHjXZIKVEUj2Z9TJeruG/jy1o0dkNR0N6SpZnJtpNW4=,True,15459944.0,dHjXZIKVEUj2Z9TJeruG/jy1o0dkNR0N6SpZnJtpNW4=,True,1
1953993170,227124616,15459944,227124616.0,nJCFVqzy2ODFURCeckmQddY8zmiK8Bi8iZ+ZtGmZhqm=,True,15459944.0,nJCFVqzy2ODFURCeckmQddY8zmiK8Bi8iZ+ZtGmZhqm=,True,1
1954405186,34081888,215678980,34081888.0,XDnQ+3QkZfOYbhKcxBsV4DoDoaGTJfxJxMEHUYL7Xx0=,True,215678980.0,XDnQ+3QkZfOYbhKcxBsV4DoDoaGTJfxJxMEHUYL7Xx0=,True,1
1954433682,127515344,81251884,127515344.0,ySeUC7jGi8ibfZEvNNPv6OgrR5UgExFr0nSV055GDmg=,True,81251884.0,ySeUC7jGi8ibfZEvNNPv6OgrR5UgExFr0nSV055GDmg=,True,1
1954579722,235457118,235460800,235457118.0,V8hLxnXTJ0ua3SyVjCt3D06uZ8sofMHU3NxVjS7k7Ay=,True,235460800.0,V8hLxnXTJ0ua3SyVjCt3D06uZ8sofMHU3NxVjS7k7Ay=,True,1
1954924828,40831792,15853332,40831792.0,WquN8/hbZrrE401nmGTX3blxc5dQUEcvW9vWpeXeI+S=,True,15853332.0,WquN8/hbZrrE401nmGTX3blxc5dQUEcvW9vWpeXeI+S=,True,1
1955285418,198215124,174611382,198215124.0,J6o57aMwd0FdbonXYsBkh2lR9VYxGDKEhd7eJGpIjdA=,True,174611382.0,J6o57aMwd0FdbonXYsBkh2lR9VYxGDKEhd7eJGpIjdA=,True,1
1955462346,155985518,133103872,155985518.0,mXMinTptrdP3oRZVouadvY8pFTEnc59iXSa1NQ7N7O8=,True,133103872.0,mXMinTptrdP3oRZVouadvY8pFTEnc59iXSa1NQ7N7O8=,True,1
1954031752,216012026,9383632,216012026.0,gn3alPzUQou5t09yvu3U61Dj1UXUVz/a0YyG+hAPCE8=,True,9383632.0,gn3alPzUQou5t09yvu3U61Dj1UXUVz/a0YyG+hAPCE8=,True,1
1954280378,227074130,150947486,227074130.0,VKkBCbia9qZkqUC0CKDEGnoZjv8zgS320NcblUjgHuI=,True,150947486.0,VKkBCbia9qZkqUC0CKDEGnoZjv8zgS320NcblUjgHuI=,True,1
1954316328,4437214,154680340,4437214.0,OR7MqRap27i4DBeLH9+feaN0uzmvF5RQchBAdoHi7cO=,True,154680340.0,OR7MqRap27i4DBeLH9+feaN0uzmvF5RQchBAdoHi7cO=,True,1
1956369890,176162546,44144894,176162546.0,xFk2lZhPtCJo/mwtIA9adcerNId3I+lZkEEbkoLTfgc=,True,44144894.0,xFk2lZhPtCJo/mwtIA9adcerNId3I+lZkEEbkoLTfgc=,True,1
1956125034,216535812,235585144,216535812.0,qo1f29j45l+QYdj/2mBZElwVNPfPyLvzpZh/fjXavtE=,True,235585144.0,qo1f29j45l+QYdj/2mBZElwVNPfPyLvzpZh/fjXavtE=,True,1
1953305480,140422560,210891536,140422560.0,revkaehUbXVbWpLDXcO6TqoefR7+txQwNuwey7TN3RS=,True,210891536.0,revkaehUbXVbWpLDXcO6TqoefR7+txQwNuwey7TN3RS=,True,1
1955072102,179270308,39018130,179270308.0,4BjNsf7kLUMJcfAFcaxK1OZDB4Xb4o68WQI5+km5YRW=,True,39018130.0,4BjNsf7kLUMJcfAFcaxK1OZDB4Xb4o68WQI5+km5YRW=,True,1
1953649592,233977954,166703886,233977954.0,P1RvbYmriQzKnC2RKuRup4BU64b1qhIBjcGgxEJuMLy=,True,166703886.0,P1RvbYmriQzKnC2RKuRup4BU64b1qhIBjcGgxEJuMLy=,True,1
1953649592,233977954,166703886,233977954.0,wj50LEIkhE/wVcXC/vAfNq6exgWWFRcMQs0BRUrctqE=,True,166703886.0,wj50LEIkhE/wVcXC/vAfNq6exgWWFRcMQs0BRUrctqE=,True,1
1955089896,187804162,186752198,187804162.0,sOVuuIlVY6fY/S+Hipk92M0QfmOr+Hu2BLuF9YeMTNu=,True,186752198.0,sOVuuIlVY6fY/S+Hipk92M0QfmOr+Hu2BLuF9YeMTNu=,True,1
1956015406,234688274,156130842,234688274.0,IkRo3fDMzrWnxOAYQE/8p+1/Yb7hqQh9ulWFskHfF7O=,True,156130842.0,IkRo3fDMzrWnxOAYQE/8p+1/Yb7hqQh9ulWFskHfF7O=,True,1
1954033844,104878104,105230890,104878104.0,eLBR8UssRpvy5emKIiRNcdokuUvToiHsYGnWJg3FzQu=,True,105230890.0,eLBR8UssRpvy5emKIiRNcdokuUvToiHsYGnWJg3FzQu=,True,1
1954975620,155985518,133103872,155985518.0,mXMinTptrdP3oRZVouadvY8pFTEnc59iXSa1NQ7N7O8=,True,133103872.0,mXMinTptrdP3oRZVouadvY8pFTEnc59iXSa1NQ7N7O8=,True,1
1953325782,235346694,19157822,235346694.0,zaiFZrJapuJ2D+ououkBV0boJOU4aJ+/T+xgdlTpp20=,True,19157822.0,zaiFZrJapuJ2D+ououkBV0boJOU4aJ+/T+xgdlTpp20=,True,1
1954628706,197784360,12132476,197784360.0,79NZWlJcqP6R4VsNMt0ZNnMfURvO4RNIMa5mjV/dbTm=,True,12132476.0,79NZWlJcqP6R4VsNMt0ZNnMfURvO4RNIMa5mjV/dbTm=,True,1
1954566204,235452908,235460800,235452908.0,V8hLxnXTJ0ua3SyVjCt3D06uZ8sofMHU3NxVjS7k7Ay=,True,235460800.0,V8hLxnXTJ0ua3SyVjCt3D06uZ8sofMHU3NxVjS7k7Ay=,True,1
1954448434,221526292,182564376,221526292.0,qT3YehiEpiO4a83mXUvtvEoC4zHbl9rouQE3KRMpBqS=,True,182564376.0,qT3YehiEpiO4a83mXUvtvEoC4zHbl9rouQE3KRMpBqS=,True,1
1956177096,201408898,37075620,201408898.0,J6UUfuycempNUQIjQfIROUs1VT030eyX63lVKQfWMXq=,True,37075620.0,J6UUfuycempNUQIjQfIROUs1VT030eyX63lVKQfWMXq=,True,1
1956177096,201408898,37075620,201408898.0,K0981DrrQSjiz5o1wsxudNrbDEJvY1kQ+7fl7XA0Wl4=,True,37075620.0,K0981DrrQSjiz5o1wsxudNrbDEJvY1kQ+7fl7XA0Wl4=,True,1
1954138434,155985518,133103872,155985518.0,mXMinTptrdP3oRZVouadvY8pFTEnc59iXSa1NQ7N7O8=,True,133103872.0,mXMinTptrdP3oRZVouadvY8pFTEnc59iXSa1NQ7N7O8=,True,1
1955486858,212778858,22138066,212778858.0,CaBXBEdIE6S4GBkfVcox3yfw27GIOZLls88ADM6i0IO=,True,22138066.0,CaBXBEdIE6S4GBkfVcox3yfw27GIOZLls88ADM6i0IO=,True,1
1955486858,212778858,22138066,212778858.0,zAlTaZwGUKbl6G06n6yJ7MO6UpKMQaXdfm19Kxx5mhS=,True,22138066.0,zAlTaZwGUKbl6G06n6yJ7MO6UpKMQaXdfm19Kxx5mhS=,True,1
1953736660,235004428,97227644,235004428.0,2F9irjDM1qInTdVPhFp7l2mdfjoN0eGOdwGTrvMK3zy=,True,97227644.0,2F9irjDM1qInTdVPhFp7l2mdfjoN0eGOdwGTrvMK3zy=,True,1
1954769192,4437214,154680340,4437214.0,OR7MqRap27i4DBeLH9+feaN0uzmvF5RQchBAdoHi7cO=,True,154680340.0,OR7MqRap27i4DBeLH9+feaN0uzmvF5RQchBAdoHi7cO=,True,1
1955842954,232945296,4691026,232945296.0,vIHYKfjEF/U60phIyyOw2KcZ/+vNwuVHvINQliBNN4u=,True,4691026.0,vIHYKfjEF/U60phIyyOw2KcZ/+vNwuVHvINQliBNN4u=,True,1
1956485766,167414200,142654904,167414200.0,LZ87eW/KtIv5tcdNKVomYGMdOdOvg0fTn5PcGipxgi4=,True,142654904.0,LZ87eW/KtIv5tcdNKVomYGMdOdOvg0fTn5PcGipxgi4=,True,1
1955596614,46023788,94755546,46023788.0,rBXve/M+FdMxafp6iQk+LnV8H9fErGu11S9ipeY56aA=,True,94755546.0,rBXve/M+FdMxafp6iQk+LnV8H9fErGu11S9ipeY56aA=,True,1
1956653428,231410894,77354928,231410894.0,342x7xdtyNloASDhu7M0fB9xxtpFerC/HMMJLRSrjcO=,True,77354928.0,342x7xdtyNloASDhu7M0fB9xxtpFerC/HMMJLRSrjcO=,True,1
1956653428,231410894,77354928,231410894.0,WCmvlzeF2vaOHUmH/tKNgpRuWE6VLiJNRnSssr8mvbI=,True,77354928.0,WCmvlzeF2vaOHUmH/tKNgpRuWE6VLiJNRnSssr8mvbI=,True,1
1955767562,155985518,133103872,155985518.0,mXMinTptrdP3oRZVouadvY8pFTEnc59iXSa1NQ7N7O8=,True,133103872.0,mXMinTptrdP3oRZVouadvY8pFTEnc59iXSa1NQ7N7O8=,True,1
1955714782,98777660,45627242,98777660.0,QLm4Mz9u5mkiDOjbCG5KKU5Bcc00ll3oz5PMPXz5oz0=,True,45627242.0,QLm4Mz9u5mkiDOjbCG5KKU5Bcc00ll3oz5PMPXz5oz0=,True,1
1954563780,235452908,235460800,235452908.0,V8hLxnXTJ0ua3SyVjCt3D06uZ8sofMHU3NxVjS7k7Ay=,True,235460800.0,V8hLxnXTJ0ua3SyVjCt3D06uZ8sofMHU3NxVjS7k7Ay=,True,1
1953994526,98981642,224141230,98981642.0,ScStvU82C+3lhO2xPrNNVhlfrxfFaBFZpyL+GnYnGdq=,True,224141230.0,ScStvU82C+3lhO2xPrNNVhlfrxfFaBFZpyL+GnYnGdq=,True,1
1954303532,227074130,150947486,227074130.0,VKkBCbia9qZkqUC0CKDEGnoZjv8zgS320NcblUjgHuI=,True,150947486.0,VKkBCbia9qZkqUC0CKDEGnoZjv8zgS320NcblUjgHuI=,True,1
1954087052,91589918,22443472,91589918.0,tnvNBOQx7qsAfrYOtJPFNqhbwno7pAax0s1mhWOANUO=,True,22443472.0,tnvNBOQx7qsAfrYOtJPFNqhbwno7pAax0s1mhWOANUO=,True,1
1953647216,227124616,15459944,227124616.0,dHjXZIKVEUj2Z9TJeruG/jy1o0dkNR0N6SpZnJtpNW4=,True,15459944.0,dHjXZIKVEUj2Z9TJeruG/jy1o0dkNR0N6SpZnJtpNW4=,True,1
1953647216,227124616,15459944,227124616.0,nJCFVqzy2ODFURCeckmQddY8zmiK8Bi8iZ+ZtGmZhqm=,True,15459944.0,nJCFVqzy2ODFURCeckmQddY8zmiK8Bi8iZ+ZtGmZhqm=,True,1
1956443060,217477782,42528882,217477782.0,wFCO3oAJBSCB8sVTagBy37l2jzNy519AHfGaTiw1Rdq=,True,42528882.0,wFCO3oAJBSCB8sVTagBy37l2jzNy519AHfGaTiw1Rdq=,True,1
1954712710,235475576,139012590,235475576.0,6XbDnUbJBLY2ua2bcbaOLrUyDDHdz6cE5pp3ySXhQ4K=,True,139012590.0,6XbDnUbJBLY2ua2bcbaOLrUyDDHdz6cE5pp3ySXhQ4K=,True,1
1954712710,235475576,139012590,235475576.0,tvgnSpSSUox8sRrmMp4YYV4qtVzjh3rLiNBATHjDbLI=,True,139012590.0,tvgnSpSSUox8sRrmMp4YYV4qtVzjh3rLiNBATHjDbLI=,True,1
1953993440,226788566,53886088,226788566.0,WwSVOP8iL7696WVosUu4BJTTIX9XNFD4mXellBb6dNK=,True,53886088.0,WwSVOP8iL7696WVosUu4BJTTIX9XNFD4mXellBb6dNK=,True,1
1954672376,153260162,40029748,153260162.0,wKiFgJyg3zB/Scnwt7bvAw+wMqkC52yxBpV7w67SlcE=,True,40029748.0,wKiFgJyg3zB/Scnwt7bvAw+wMqkC52yxBpV7w67SlcE=,True,1
1956250682,29689348,231810424,29689348.0,bGvR9cey+rry1FhUJrRw9djRmT9BtJlGu/vM8dbUQU0=,True,231810424.0,bGvR9cey+rry1FhUJrRw9djRmT9BtJlGu/vM8dbUQU0=,True,1
1956421852,192464648,106835950,192464648.0,Y7hhQfleKC7aG8DI7Lb43fSLsZ2idV5R9w3/R5ssPLg=,True,106835950.0,Y7hhQfleKC7aG8DI7Lb43fSLsZ2idV5R9w3/R5ssPLg=,True,1
1953991104,227124616,15459944,227124616.0,dHjXZIKVEUj2Z9TJeruG/jy1o0dkNR0N6SpZnJtpNW4=,True,15459944.0,dHjXZIKVEUj2Z9TJeruG/jy1o0dkNR0N6SpZnJtpNW4=,True,1
1953991104,227124616,15459944,227124616.0,nJCFVqzy2ODFURCeckmQddY8zmiK8Bi8iZ+ZtGmZhqm=,True,15459944.0,nJCFVqzy2ODFURCeckmQddY8zmiK8Bi8iZ+ZtGmZhqm=,True,1
1955262898,158552996,42293568,158552996.0,0l++2I5VEQNp97WP1PiQUTINYJDlNJZQCuyWdpnoCIc=,True,42293568.0,0l++2I5VEQNp97WP1PiQUTINYJDlNJZQCuyWdpnoCIc=,True,1
1954591382,62510592,24179606,62510592.0,xEyLcXdKSZMY4l34oAV04J4RvmaD6M12cnm+0ZLCTq0=,True,24179606.0,xEyLcXdKSZMY4l34oAV04J4RvmaD6M12cnm+0ZLCTq0=,True,1
1953684672,187804162,186752198,187804162.0,sOVuuIlVY6fY/S+Hipk92M0QfmOr+Hu2BLuF9YeMTNu=,True,186752198.0,sOVuuIlVY6fY/S+Hipk92M0QfmOr+Hu2BLuF9YeMTNu=,True,1
1953714326,155985518,133103872,155985518.0,mXMinTptrdP3oRZVouadvY8pFTEnc59iXSa1NQ7N7O8=,True,133103872.0,mXMinTptrdP3oRZVouadvY8pFTEnc59iXSa1NQ7N7O8=,True,1
1955425278,159132118,187392042,159132118.0,/+k342+fSW3vt7c0D2tFH2R+gxQIUcz7Aejn6M8F16m=,True,187392042.0,/+k342+fSW3vt7c0D2tFH2R+gxQIUcz7Aejn6M8F16m=,True,1
1955425278,159132118,187392042,159132118.0,hvJQZ6kte6JRe2v8nR3YSGulMmAqOQ1KGB87nOyPJ10=,True,187392042.0,hvJQZ6kte6JRe2v8nR3YSGulMmAqOQ1KGB87nOyPJ10=,True,1
1955425278,159132118,187392042,159132118.0,jMI6cKgzSi/0LUBuEJht3kZKUCg/n03Sx+l3CF4Cg+m=,True,187392042.0,jMI6cKgzSi/0LUBuEJht3kZKUCg/n03Sx+l3CF4Cg+m=,True,1
1955794900,155985518,133103872,155985518.0,mXMinTptrdP3oRZVouadvY8pFTEnc59iXSa1NQ7N7O8=,True,133103872.0,mXMinTptrdP3oRZVouadvY8pFTEnc59iXSa1NQ7N7O8=,True,1
1954341962,173236460,167623852,173236460.0,1Y2gsiwIp+C/SRKWz7+rFIepBqBJ6L7HVw0wCXeZD5O=,True,167623852.0,1Y2gsiwIp+C/SRKWz7+rFIepBqBJ6L7HVw0wCXeZD5O=,True,1
1954341962,173236460,167623852,173236460.0,FCYZHJCUnRQIuq7bRr0j3Qv9OTqBzmEKcaRPV0UmFny=,True,167623852.0,FCYZHJCUnRQIuq7bRr0j3Qv9OTqBzmEKcaRPV0UmFny=,True,1
1954867684,125284642,89603264,125284642.0,7wFflHc+GW3E/t3V7KRkRoxu0AtUlbrPztiAgk8IxTW=,True,89603264.0,7wFflHc+GW3E/t3V7KRkRoxu0AtUlbrPztiAgk8IxTW=,True,1
1955935250,235596044,104913286,235596044.0,7AZAzZoxBDvRPSQp4uloJySM69RB9X8rcP/YMwl/058=,True,104913286.0,7AZAzZoxBDvRPSQp4uloJySM69RB9X8rcP/YMwl/058=,True,1
1955392116,234396926,219338060,234396926.0,IHB5e1kQu23NY1c3DM7v15Uyp0pjLxH2R3rB47fiwnI=,True,219338060.0,IHB5e1kQu23NY1c3DM7v15Uyp0pjLxH2R3rB47fiwnI=,True,1
1953305476,140422560,213407766,140422560.0,revkaehUbXVbWpLDXcO6TqoefR7+txQwNuwey7TN3RS=,True,213407766.0,revkaehUbXVbWpLDXcO6TqoefR7+txQwNuwey7TN3RS=,True,1
1955269230,6614672,228517830,6614672.0,1+p3Jx0gPZ/zTZncEQ5IfwTspVgyGhoht3v7myQmTSI=,True,228517830.0,1+p3Jx0gPZ/zTZncEQ5IfwTspVgyGhoht3v7myQmTSI=,True,1
1955269230,6614672,228517830,6614672.0,kPVM+qPwRC0qAcn299eIBYVCVkUBzmkvXoFmmrHVwLm=,True,228517830.0,kPVM+qPwRC0qAcn299eIBYVCVkUBzmkvXoFmmrHVwLm=,True,1
1954312958,227074130,150947486,227074130.0,VKkBCbia9qZkqUC0CKDEGnoZjv8zgS320NcblUjgHuI=,True,150947486.0,VKkBCbia9qZkqUC0CKDEGnoZjv8zgS320NcblUjgHuI=,True,1
1954507672,47724734,81057396,47724734.0,7+IuvqJVdjvqOleJ3KqNuUYcCGRto92SRqczL/sQVrK=,True,81057396.0,7+IuvqJVdjvqOleJ3KqNuUYcCGRto92SRqczL/sQVrK=,True,1
1954507672,47724734,81057396,47724734.0,u3MnF/EjBgAFcxFJdnxHG6mLI/pgM4w53N35kIjYv20=,True,81057396.0,u3MnF/EjBgAFcxFJdnxHG6mLI/pgM4w53N35kIjYv20=,True,1
1953656638,227124616,15459944,227124616.0,dHjXZIKVEUj2Z9TJeruG/jy1o0dkNR0N6SpZnJtpNW4=,True,15459944.0,dHjXZIKVEUj2Z9TJeruG/jy1o0dkNR0N6SpZnJtpNW4=,True,1
1953656638,227124616,15459944,227124616.0,nJCFVqzy2ODFURCeckmQddY8zmiK8Bi8iZ+ZtGmZhqm=,True,15459944.0,nJCFVqzy2ODFURCeckmQddY8zmiK8Bi8iZ+ZtGmZhqm=,True,1
1953881202,235401354,78406452,235401354.0,I+k4DvsfF9aqEBUyQxANm67vluA83e5iRaQBC5+X/O4=,True,78406452.0,I+k4DvsfF9aqEBUyQxANm67vluA83e5iRaQBC5+X/O4=,True,1
1953957528,63073454,8072632,63073454.0,sJFkdNSvONLNiKdVNP7jzeN0RdMYTgjmN+c7qXKXCrm=,True,8072632.0,sJFkdNSvONLNiKdVNP7jzeN0RdMYTgjmN+c7qXKXCrm=,True,1
1953982422,227124616,15459944,227124616.0,dHjXZIKVEUj2Z9TJeruG/jy1o0dkNR0N6SpZnJtpNW4=,True,15459944.0,dHjXZIKVEUj2Z9TJeruG/jy1o0dkNR0N6SpZnJtpNW4=,True,1
1953982422,227124616,15459944,227124616.0,nJCFVqzy2ODFURCeckmQddY8zmiK8Bi8iZ+ZtGmZhqm=,True,15459944.0,nJCFVqzy2ODFURCeckmQddY8zmiK8Bi8iZ+ZtGmZhqm=,True,1
1954610948,101188822,135458402,101188822.0,UFafdndoyCfF8BZypMsO24YnHBfvv0mkiPuPiDf28Cm=,True,135458402.0,UFafdndoyCfF8BZypMsO24YnHBfvv0mkiPuPiDf28Cm=,True,1
1955289862,136220014,55418890,136220014.0,tAXXJipLm9X0sVaXRAu5xoV/Y1RlRdVWF3djnLgTPng=,True,55418890.0,tAXXJipLm9X0sVaXRAu5xoV/Y1RlRdVWF3djnLgTPng=,True,1
1955004510,210295692,35672154,210295692.0,dVafci5kaP8r0WmV9+4YAtB2XxtvvcPo05esYtHnOGS=,True,35672154.0,dVafci5kaP8r0WmV9+4YAtB2XxtvvcPo05esYtHnOGS=,True,1
1954574722,235457118,235460800,235457118.0,V8hLxnXTJ0ua3SyVjCt3D06uZ8sofMHU3NxVjS7k7Ay=,True,235460800.0,V8hLxnXTJ0ua3SyVjCt3D06uZ8sofMHU3NxVjS7k7Ay=,True,1
1956551914,21564022,225098568,21564022.0,ZxvIiyFO/E4TK7zNgyL5v23Nj1sjQM+BTa+fu1S58WK=,True,225098568.0,ZxvIiyFO/E4TK7zNgyL5v23Nj1sjQM+BTa+fu1S58WK=,True,1
1955302344,162496928,63331410,162496928.0,yKIAv9xre9IXoRLyuKhgzA3DsFsG5e6/tYd8mqMJNPS=,True,63331410.0,yKIAv9xre9IXoRLyuKhgzA3DsFsG5e6/tYd8mqMJNPS=,True,1
1954721560,229741226,233565504,229741226.0,pv/bK8rvO8BIO42G27sIfTtBBhAgRlq+HxnNbnB5RNg=,True,233565504.0,pv/bK8rvO8BIO42G27sIfTtBBhAgRlq+HxnNbnB5RNg=,True,1
1955480934,234396926,219338060,234396926.0,IHB5e1kQu23NY1c3DM7v15Uyp0pjLxH2R3rB47fiwnI=,True,219338060.0,IHB5e1kQu23NY1c3DM7v15Uyp0pjLxH2R3rB47fiwnI=,True,1
1956234182,84092138,1711818,84092138.0,pf4hfsyme+3qM95qmP8dhPjHGei3TAcisRKA7Yj3pWy=,True,1711818.0,pf4hfsyme+3qM95qmP8dhPjHGei3TAcisRKA7Yj3pWy=,True,1
1955219124,232361700,235502732,232361700.0,3vvWLDHPmbTykEi+OeYHdpJpRCxYPTzmUNEVVaOM278=,True,235502732.0,3vvWLDHPmbTykEi+OeYHdpJpRCxYPTzmUNEVVaOM278=,True,1
1955861054,38035738,114111666,38035738.0,CI2D79ujtnMHbSBxckT8hHdsqGVWT8rM6/zfqBjxWKq=,True,114111666.0,CI2D79ujtnMHbSBxckT8hHdsqGVWT8rM6/zfqBjxWKq=,True,1
1953598424,234478768,26351380,234478768.0,DvJq6pUXX450F+K8ootZmL5Er9bAbRN109y+RFd48pq=,True,26351380.0,DvJq6pUXX450F+K8ootZmL5Er9bAbRN109y+RFd48pq=,True,1
1955203834,155985518,133103872,155985518.0,mXMinTptrdP3oRZVouadvY8pFTEnc59iXSa1NQ7N7O8=,True,133103872.0,mXMinTptrdP3oRZVouadvY8pFTEnc59iXSa1NQ7N7O8=,True,1
1953498052,235373820,80369956,235373820.0,bne2czbGkpsT0ah4cgzPje6xm3jIlpTaSovQeS/VDQE=,True,80369956.0,bne2czbGkpsT0ah4cgzPje6xm3jIlpTaSovQeS/VDQE=,True,1
1953498052,235373820,80369956,235373820.0,nytEjYMlw9Z+OO9sKzf/aY/5vnktXxRSUo9YP92i2by=,True,80369956.0,nytEjYMlw9Z+OO9sKzf/aY/5vnktXxRSUo9YP92i2by=,True,1
1954734824,126273888,119057914,126273888.0,skl//WQ+HOxdahQB9Sb6AVTVqcFJ2SfnWjwXhNMvgbE=,True,119057914.0,skl//WQ+HOxdahQB9Sb6AVTVqcFJ2SfnWjwXhNMvgbE=,True,1
1954665736,53753678,182411246,53753678.0,4Nt10RyugA2BkPRnS4v007S4EDVIjdMFbu71foa9FYu=,True,182411246.0,4Nt10RyugA2BkPRnS4v007S4EDVIjdMFbu71foa9FYu=,True,1
1954665736,53753678,182411246,53753678.0,amCxhDGtqUJgwMO2QSl4iVIa7oZB5yvWIu53NLkq6sI=,True,182411246.0,amCxhDGtqUJgwMO2QSl4iVIa7oZB5yvWIu53NLkq6sI=,True,1
1954674776,197846714,31446850,197846714.0,gOtnEuL60PPbjiR4WjMGL6i3P6ABAd742/coCjza2ay=,True,31446850.0,gOtnEuL60PPbjiR4WjMGL6i3P6ABAd742/coCjza2ay=,True,1
1954704808,155985518,133103872,155985518.0,mXMinTptrdP3oRZVouadvY8pFTEnc59iXSa1NQ7N7O8=,True,133103872.0,mXMinTptrdP3oRZVouadvY8pFTEnc59iXSa1NQ7N7O8=,True,1
1954683282,9742198,203375714,9742198.0,Xq/I6Vat6v5JpxW+glAuQUY41CKc5RMLx6zwKmjzLCg=,True,203375714.0,Xq/I6Vat6v5JpxW+glAuQUY41CKc5RMLx6zwKmjzLCg=,True,1
1953689526,227124616,15459944,227124616.0,dHjXZIKVEUj2Z9TJeruG/jy1o0dkNR0N6SpZnJtpNW4=,True,15459944.0,dHjXZIKVEUj2Z9TJeruG/jy1o0dkNR0N6SpZnJtpNW4=,True,1
1953689526,227124616,15459944,227124616.0,nJCFVqzy2ODFURCeckmQddY8zmiK8Bi8iZ+ZtGmZhqm=,True,15459944.0,nJCFVqzy2ODFURCeckmQddY8zmiK8Bi8iZ+ZtGmZhqm=,True,1
1955905220,216535812,235585144,216535812.0,qo1f29j45l+QYdj/2mBZElwVNPfPyLvzpZh/fjXavtE=,True,235585144.0,qo1f29j45l+QYdj/2mBZElwVNPfPyLvzpZh/fjXavtE=,True,1
1953371712,219418800,213407766,219418800.0,revkaehUbXVbWpLDXcO6TqoefR7+txQwNuwey7TN3RS=,True,213407766.0,revkaehUbXVbWpLDXcO6TqoefR7+txQwNuwey7TN3RS=,True,1
1955786752,172659926,53976872,172659926.0,SlCURMYSvaCx1toYqNIQgjigBn+kPok2aZze0i1vMIm=,True,53976872.0,SlCURMYSvaCx1toYqNIQgjigBn+kPok2aZze0i1vMIm=,True,1
1956051118,230441860,30341372,230441860.0,wjvwanj0U+2bZfLjYByONBlZ0c9+LAKhFW64X7CrvH8=,True,30341372.0,wjvwanj0U+2bZfLjYByONBlZ0c9+LAKhFW64X7CrvH8=,True,1
1955055412,235401354,78406452,235401354.0,I+k4DvsfF9aqEBUyQxANm67vluA83e5iRaQBC5+X/O4=,True,78406452.0,I+k4DvsfF9aqEBUyQxANm67vluA83e5iRaQBC5+X/O4=,True,1
1954578168,235457118,235460800,235457118.0,V8hLxnXTJ0ua3SyVjCt3D06uZ8sofMHU3NxVjS7k7Ay=,True,235460800.0,V8hLxnXTJ0ua3SyVjCt3D06uZ8sofMHU3NxVjS7k7Ay=,True,1
1955715836,155985518,133103872,155985518.0,mXMinTptrdP3oRZVouadvY8pFTEnc59iXSa1NQ7N7O8=,True,133103872.0,mXMinTptrdP3oRZVouadvY8pFTEnc59iXSa1NQ7N7O8=,True,1
1954026426,178244640,129295230,178244640.0,J1zHikv1wKeCTSduhl+XJIiNSo651n6tanKrVpAMrey=,True,129295230.0,J1zHikv1wKeCTSduhl+XJIiNSo651n6tanKrVpAMrey=,True,1
1953442678,195778168,23240042,195778168.0,M81fT6FYBm7gUZPT+FUYko55/0CYaMxGpy5sgNHPuFS=,True,23240042.0,M81fT6FYBm7gUZPT+FUYko55/0CYaMxGpy5sgNHPuFS=,True,1
1954525368,57355358,27338132,57355358.0,HXiHkMoBRU7OgoQc6mh3L3daYxS/0qbk4kgdPpxWjfc=,True,27338132.0,HXiHkMoBRU7OgoQc6mh3L3daYxS/0qbk4kgdPpxWjfc=,True,1
1954525368,57355358,27338132,57355358.0,IM02lZCcV8sH1bNXchZwezPWHupw16h5kOFyXCllj3c=,True,27338132.0,IM02lZCcV8sH1bNXchZwezPWHupw16h5kOFyXCllj3c=,True,1
1955246344,230113642,215964950,230113642.0,gpOd5J2L4RzUMHgG14uv6IwReqg213bdzINtExMRDy0=,True,215964950.0,gpOd5J2L4RzUMHgG14uv6IwReqg213bdzINtExMRDy0=,True,1
1954555678,235452908,235460800,235452908.0,V8hLxnXTJ0ua3SyVjCt3D06uZ8sofMHU3NxVjS7k7Ay=,True,235460800.0,V8hLxnXTJ0ua3SyVjCt3D06uZ8sofMHU3NxVjS7k7Ay=,True,1
1953371716,219418800,210891536,219418800.0,revkaehUbXVbWpLDXcO6TqoefR7+txQwNuwey7TN3RS=,True,210891536.0,revkaehUbXVbWpLDXcO6TqoefR7+txQwNuwey7TN3RS=,True,1
1955697240,155985518,133103872,155985518.0,mXMinTptrdP3oRZVouadvY8pFTEnc59iXSa1NQ7N7O8=,True,133103872.0,mXMinTptrdP3oRZVouadvY8pFTEnc59iXSa1NQ7N7O8=,True,1
1955429120,159132118,187392042,159132118.0,/+k342+fSW3vt7c0D2tFH2R+gxQIUcz7Aejn6M8F16m=,True,187392042.0,/+k342+fSW3vt7c0D2tFH2R+gxQIUcz7Aejn6M8F16m=,True,1
1955429120,159132118,187392042,159132118.0,hvJQZ6kte6JRe2v8nR3YSGulMmAqOQ1KGB87nOyPJ10=,True,187392042.0,hvJQZ6kte6JRe2v8nR3YSGulMmAqOQ1KGB87nOyPJ10=,True,1
1955429120,159132118,187392042,159132118.0,jMI6cKgzSi/0LUBuEJht3kZKUCg/n03Sx+l3CF4Cg+m=,True,187392042.0,jMI6cKgzSi/0LUBuEJht3kZKUCg/n03Sx+l3CF4Cg+m=,True,1
1953965770,193050702,169562748,193050702.0,Gq6H5JJ5Mw+WhiY+/HZdQ2HvWu7Ef5ZwBjPCmldlU5g=,True,169562748.0,Gq6H5JJ5Mw+WhiY+/HZdQ2HvWu7Ef5ZwBjPCmldlU5g=,True,1
1955433986,187804162,186752198,187804162.0,sOVuuIlVY6fY/S+Hipk92M0QfmOr+Hu2BLuF9YeMTNu=,True,186752198.0,sOVuuIlVY6fY/S+Hipk92M0QfmOr+Hu2BLuF9YeMTNu=,True,1
1955033816,235508458,143024218,235508458.0,d5TSb9OxELdqvt9/fc4GXuI9NTwRaz/0nyBZKKsObEI=,True,143024218.0,d5TSb9OxELdqvt9/fc4GXuI9NTwRaz/0nyBZKKsObEI=,True,1
1955672602,111535090,115423150,111535090.0,FRuQBwNrHzpbWBR9oG1leutW1JgGU56G0fsl9kAYZ4K=,True,115423150.0,FRuQBwNrHzpbWBR9oG1leutW1JgGU56G0fsl9kAYZ4K=,True,1
1955874466,216535812,235585144,216535812.0,qo1f29j45l+QYdj/2mBZElwVNPfPyLvzpZh/fjXavtE=,True,235585144.0,qo1f29j45l+QYdj/2mBZElwVNPfPyLvzpZh/fjXavtE=,True,1
1954657984,18029254,18745828,18029254.0,y97QWOKkfiTDohSG+Ow0ye2+g9ZyWNuIGUQRI0HugGO=,True,18745828.0,y97QWOKkfiTDohSG+Ow0ye2+g9ZyWNuIGUQRI0HugGO=,True,1
1953627818,230957614,14884222,230957614.0,VoI2OxfftWIQA1o5s+G2nXvF41yKqL8lxYHsMw1MOGy=,True,14884222.0,VoI2OxfftWIQA1o5s+G2nXvF41yKqL8lxYHsMw1MOGy=,True,1
1955163314,33095622,146376526,33095622.0,GC6aTsYgCFkv2TZg5zgqNQVDi8yhCRilsyK0rnhnKhS=,True,146376526.0,GC6aTsYgCFkv2TZg5zgqNQVDi8yhCRilsyK0rnhnKhS=,True,1
1955163314,33095622,146376526,33095622.0,L8wFs7Q/UTxGkz37D6jUiIxetAGkER8lM5oE+bipbQy=,True,146376526.0,L8wFs7Q/UTxGkz37D6jUiIxetAGkER8lM5oE+bipbQy=,True,1
1956178888,203377364,203375714,203377364.0,Xq/I6Vat6v5JpxW+glAuQUY41CKc5RMLx6zwKmjzLCg=,True,203375714.0,Xq/I6Vat6v5JpxW+glAuQUY41CKc5RMLx6zwKmjzLCg=,True,1
1954498718,18135418,18329174,18135418.0,yinf2iAMS7tE3EA12m8Kzt9LLFt2vW3A9YsExaeCV70=,True,18329174.0,yinf2iAMS7tE3EA12m8Kzt9LLFt2vW3A9YsExaeCV70=,True,1
1954073544,232058362,119429088,232058362.0,7OZ6kwQYjOLZsE5aJnZzTYbkXie1FcB6lxlTH9VTW7c=,True,119429088.0,7OZ6kwQYjOLZsE5aJnZzTYbkXie1FcB6lxlTH9VTW7c=,True,1
1954128724,187804162,186752198,187804162.0,sOVuuIlVY6fY/S+Hipk92M0QfmOr+Hu2BLuF9YeMTNu=,True,186752198.0,sOVuuIlVY6fY/S+Hipk92M0QfmOr+Hu2BLuF9YeMTNu=,True,1
1953995124,145359458,3211752,145359458.0,sl6I8ngyZPHpGtNhMaM/8ymfoYkYrwFF/P1P5fS/Ixm=,True,3211752.0,sl6I8ngyZPHpGtNhMaM/8ymfoYkYrwFF/P1P5fS/Ixm=,True,1
1954365008,209508216,107939922,209508216.0,Gdqtx9Stc4RsRsDchsDEi8jLEl3qk+1oQoMSSYWXtiS=,True,107939922.0,Gdqtx9Stc4RsRsDchsDEi8jLEl3qk+1oQoMSSYWXtiS=,True,1
1954365008,209508216,107939922,209508216.0,iGA5e3lKSb08ywExFdL/1wQOiVZSzlRVWflfvZVwLFO=,True,107939922.0,iGA5e3lKSb08ywExFdL/1wQOiVZSzlRVWflfvZVwLFO=,True,1
1956180110,234917762,26351380,234917762.0,DvJq6pUXX450F+K8ootZmL5Er9bAbRN109y+RFd48pq=,True,26351380.0,DvJq6pUXX450F+K8ootZmL5Er9bAbRN109y+RFd48pq=,True,1
1954557008,235452908,235460800,235452908.0,V8hLxnXTJ0ua3SyVjCt3D06uZ8sofMHU3NxVjS7k7Ay=,True,235460800.0,V8hLxnXTJ0ua3SyVjCt3D06uZ8sofMHU3NxVjS7k7Ay=,True,1
1954907152,235401354,78406452,235401354.0,I+k4DvsfF9aqEBUyQxANm67vluA83e5iRaQBC5+X/O4=,True,78406452.0,I+k4DvsfF9aqEBUyQxANm67vluA83e5iRaQBC5+X/O4=,True,1
1955032810,235506462,42381498,235506462.0,e+KEamihIyiq6w1g9b36GQIKhEDQCiWxo5LiX9aWMIE=,True,42381498.0,e+KEamihIyiq6w1g9b36GQIKhEDQCiWxo5LiX9aWMIE=,True,1
1953338656,232461396,132625798,232461396.0,v7QST65Mni8myj0+rj0AiWm3cB8TrF7T98eVlF1vA/K=,True,132625798.0,v7QST65Mni8myj0+rj0AiWm3cB8TrF7T98eVlF1vA/K=,True,1
1954514908,78364274,235096598,78364274.0,GKX4qp5LGrnRtgvyJj9cv14dDzoVbZZSS+P++HeJmkE=,True,235096598.0,GKX4qp5LGrnRtgvyJj9cv14dDzoVbZZSS+P++HeJmkE=,True,1
1954582322,235457118,235460800,235457118.0,V8hLxnXTJ0ua3SyVjCt3D06uZ8sofMHU3NxVjS7k7Ay=,True,235460800.0,V8hLxnXTJ0ua3SyVjCt3D06uZ8sofMHU3NxVjS7k7Ay=,True,1
1955921856,228586386,150947486,228586386.0,j76ZDJS7nV21K0lDshi/i5Z8bh9U1gnM1UsMkKMkBGy=,True,150947486.0,j76ZDJS7nV21K0lDshi/i5Z8bh9U1gnM1UsMkKMkBGy=,True,1
1956361888,98632764,23557722,98632764.0,3AMu84sTXauC7f+UfhB7wiO8LJuxFXD5oPFiUMzjHMO=,True,23557722.0,3AMu84sTXauC7f+UfhB7wiO8LJuxFXD5oPFiUMzjHMO=,True,1
1955122092,164522930,23249584,164522930.0,O2/PA0IrEQgioBOG3nE5HbksujWMzz2Zjs/eQRCbxLO=,True,23249584.0,O2/PA0IrEQgioBOG3nE5HbksujWMzz2Zjs/eQRCbxLO=,True,1
1954537848,57355358,228510618,57355358.0,qZuBysx1/xPi6JhLD08h9KV+j0VwhCHCcbFt9K6Ih6S=,True,228510618.0,qZuBysx1/xPi6JhLD08h9KV+j0VwhCHCcbFt9K6Ih6S=,True,1
1953487924,173525902,118810330,173525902.0,WqQxGSd6OVxI4JTjqLmKcBdlkOYiJ54/ohsV+4bt2bO=,True,118810330.0,WqQxGSd6OVxI4JTjqLmKcBdlkOYiJ54/ohsV+4bt2bO=,True,1
1956098466,110196366,53161658,110196366.0,xBHAj0AhjP4KHyxKx4hkEJ1KYjpkdkIoKxWxkU5Z8GE=,True,53161658.0,xBHAj0AhjP4KHyxKx4hkEJ1KYjpkdkIoKxWxkU5Z8GE=,True,1
1954562410,235452908,235460800,235452908.0,V8hLxnXTJ0ua3SyVjCt3D06uZ8sofMHU3NxVjS7k7Ay=,True,235460800.0,V8hLxnXTJ0ua3SyVjCt3D06uZ8sofMHU3NxVjS7k7Ay=,True,1
1954824860,49045606,33432848,49045606.0,jDoJY5Mm+ZhHBOdbxy5S1TS0GQNfoa4Xj2o4q0mJye8=,True,33432848.0,jDoJY5Mm+ZhHBOdbxy5S1TS0GQNfoa4Xj2o4q0mJye8=,True,1
1954493340,227074130,150947486,227074130.0,VKkBCbia9qZkqUC0CKDEGnoZjv8zgS320NcblUjgHuI=,True,150947486.0,VKkBCbia9qZkqUC0CKDEGnoZjv8zgS320NcblUjgHuI=,True,1
1954978968,155985518,133103872,155985518.0,mXMinTptrdP3oRZVouadvY8pFTEnc59iXSa1NQ7N7O8=,True,133103872.0,mXMinTptrdP3oRZVouadvY8pFTEnc59iXSa1NQ7N7O8=,True,1
1955146346,116733920,104435454,116733920.0,uECZmLDcWyPVvvLG0uULxg/0zxsSmyMyCVK2KEfoxfO=,True,104435454.0,uECZmLDcWyPVvvLG0uULxg/0zxsSmyMyCVK2KEfoxfO=,True,1
1955146346,116733920,104435454,116733920.0,yq4S4M/mtaxow7xS8bteXMbmsbD69QGw18kV1kOc8rg=,True,104435454.0,yq4S4M/mtaxow7xS8bteXMbmsbD69QGw18kV1kOc8rg=,True,1
1955538664,124841654,82013506,124841654.0,qT95tAOg0Sf0Q5JcZZMHqQnz8OjBLBBLcSasjn9UIZq=,True,82013506.0,qT95tAOg0Sf0Q5JcZZMHqQnz8OjBLBBLcSasjn9UIZq=,True,1
1956421846,233396002,47340508,233396002.0,QyBwI/X14ih9pMDIoArFaHGJW0+78A4FW6LZFfFy+QO=,True,47340508.0,QyBwI/X14ih9pMDIoArFaHGJW0+78A4FW6LZFfFy+QO=,True,1
1953911226,78408036,92564288,78408036.0,oSUZz+B4AhPmkZgvMNcrrTI9YFceg5qD6Q8gYpJND54=,True,92564288.0,oSUZz+B4AhPmkZgvMNcrrTI9YFceg5qD6Q8gYpJND54=,True,1
1956449084,228376022,95184764,228376022.0,+V+xKbRFYb55w3D4VoQqT9K7UndbJQ4WwGG7JXuSgEE=,True,95184764.0,+V+xKbRFYb55w3D4VoQqT9K7UndbJQ4WwGG7JXuSgEE=,True,1
1953788842,235191970,193050416,235191970.0,IVh0PYk3ZRwVg5MiSSe2IWbwKqQae2U/MT9apLNnK6E=,True,193050416.0,IVh0PYk3ZRwVg5MiSSe2IWbwKqQae2U/MT9apLNnK6E=,True,1
1954040998,155985518,133103872,155985518.0,mXMinTptrdP3oRZVouadvY8pFTEnc59iXSa1NQ7N7O8=,True,133103872.0,mXMinTptrdP3oRZVouadvY8pFTEnc59iXSa1NQ7N7O8=,True,1
1954689120,14021784,39639162,14021784.0,PtQ4k39Nh0uHfszZaXYQr4ALWgUwR6BAPVIxrONWGUI=,True,39639162.0,PtQ4k39Nh0uHfszZaXYQr4ALWgUwR6BAPVIxrONWGUI=,True,1
1955526282,214708158,81917208,214708158.0,YOrMqhGA6+cNhi0cPz3x6tedviU/yovyJgXQY/nPDkc=,True,81917208.0,YOrMqhGA6+cNhi0cPz3x6tedviU/yovyJgXQY/nPDkc=,True,1
1956112042,221695596,219836044,221695596.0,82EMNrJsckxdL4vf0Cr2pFUST5V43UgG7Uqk9bpxFD0=,True,219836044.0,82EMNrJsckxdL4vf0Cr2pFUST5V43UgG7Uqk9bpxFD0=,True,1
1955581524,155985518,133103872,155985518.0,mXMinTptrdP3oRZVouadvY8pFTEnc59iXSa1NQ7N7O8=,True,133103872.0,mXMinTptrdP3oRZVouadvY8pFTEnc59iXSa1NQ7N7O8=,True,1
1954118908,235401354,78406452,235401354.0,I+k4DvsfF9aqEBUyQxANm67vluA83e5iRaQBC5+X/O4=,True,78406452.0,I+k4DvsfF9aqEBUyQxANm67vluA83e5iRaQBC5+X/O4=,True,1
1955432674,159132118,187392042,159132118.0,/+k342+fSW3vt7c0D2tFH2R+gxQIUcz7Aejn6M8F16m=,True,187392042.0,/+k342+fSW3vt7c0D2tFH2R+gxQIUcz7Aejn6M8F16m=,True,1
1955432674,159132118,187392042,159132118.0,hvJQZ6kte6JRe2v8nR3YSGulMmAqOQ1KGB87nOyPJ10=,True,187392042.0,hvJQZ6kte6JRe2v8nR3YSGulMmAqOQ1KGB87nOyPJ10=,True,1
1955432674,159132118,187392042,159132118.0,jMI6cKgzSi/0LUBuEJht3kZKUCg/n03Sx+l3CF4Cg+m=,True,187392042.0,jMI6cKgzSi/0LUBuEJht3kZKUCg/n03Sx+l3CF4Cg+m=,True,1
1955913538,136909706,136376630,136909706.0,7A6/oEZpxTSfeAeE6X/bpEun9YpGUKvTL/I6KPFJ/JA=,True,136376630.0,7A6/oEZpxTSfeAeE6X/bpEun9YpGUKvTL/I6KPFJ/JA=,True,1
1955913538,136909706,136376630,136909706.0,B7UgvYriWbQIhZQpxCsvMBo/vyiMhQ7o500h+Flwuvq=,True,136376630.0,B7UgvYriWbQIhZQpxCsvMBo/vyiMhQ7o500h+Flwuvq=,True,1
1956465896,213678588,145678292,213678588.0,DNHRZGEcaYsxjMTkwo+JRevpk/aM7hfiOTfykOs1p1u=,True,145678292.0,DNHRZGEcaYsxjMTkwo+JRevpk/aM7hfiOTfykOs1p1u=,True,1
1956465896,213678588,145678292,213678588.0,oKgFVQn0HgFyq7ZQMmYeJSthxYEOn5l0PrMge8QdbDW=,True,145678292.0,oKgFVQn0HgFyq7ZQMmYeJSthxYEOn5l0PrMge8QdbDW=,True,1
1954058196,235401354,78406452,235401354.0,I+k4DvsfF9aqEBUyQxANm67vluA83e5iRaQBC5+X/O4=,True,78406452.0,I+k4DvsfF9aqEBUyQxANm67vluA83e5iRaQBC5+X/O4=,True,1
1956397584,130733966,152417218,130733966.0,JUCD1hBwHnWOKBFC4BNPdeNungfE74jVuOlbspMe3+E=,True,152417218.0,JUCD1hBwHnWOKBFC4BNPdeNungfE74jVuOlbspMe3+E=,True,1
1954701402,4437214,154680340,4437214.0,OR7MqRap27i4DBeLH9+feaN0uzmvF5RQchBAdoHi7cO=,True,154680340.0,OR7MqRap27i4DBeLH9+feaN0uzmvF5RQchBAdoHi7cO=,True,1
1954167940,163260544,24392848,163260544.0,ebgoiYBsFzQeTiX6ugr9YURFkSoqDgBKunmRw4Fi/Cm=,True,24392848.0,ebgoiYBsFzQeTiX6ugr9YURFkSoqDgBKunmRw4Fi/Cm=,True,1
1954507414,155985518,133103872,155985518.0,mXMinTptrdP3oRZVouadvY8pFTEnc59iXSa1NQ7N7O8=,True,133103872.0,mXMinTptrdP3oRZVouadvY8pFTEnc59iXSa1NQ7N7O8=,True,1
1953988444,227124616,15459944,227124616.0,dHjXZIKVEUj2Z9TJeruG/jy1o0dkNR0N6SpZnJtpNW4=,True,15459944.0,dHjXZIKVEUj2Z9TJeruG/jy1o0dkNR0N6SpZnJtpNW4=,True,1
1953988444,227124616,15459944,227124616.0,nJCFVqzy2ODFURCeckmQddY8zmiK8Bi8iZ+ZtGmZhqm=,True,15459944.0,nJCFVqzy2ODFURCeckmQddY8zmiK8Bi8iZ+ZtGmZhqm=,True,1
1955231184,155985518,133103872,155985518.0,mXMinTptrdP3oRZVouadvY8pFTEnc59iXSa1NQ7N7O8=,True,133103872.0,mXMinTptrdP3oRZVouadvY8pFTEnc59iXSa1NQ7N7O8=,True,1
1955575708,53578946,78496672,53578946.0,lsUHtg5bZlCF45spzLy8GKzhH0IMBLq1/BxoQbvmXWg=,True,78496672.0,lsUHtg5bZlCF45spzLy8GKzhH0IMBLq1/BxoQbvmXWg=,True,1
1953933084,227124616,15459944,227124616.0,dHjXZIKVEUj2Z9TJeruG/jy1o0dkNR0N6SpZnJtpNW4=,True,15459944.0,dHjXZIKVEUj2Z9TJeruG/jy1o0dkNR0N6SpZnJtpNW4=,True,1
1953933084,227124616,15459944,227124616.0,nJCFVqzy2ODFURCeckmQddY8zmiK8Bi8iZ+ZtGmZhqm=,True,15459944.0,nJCFVqzy2ODFURCeckmQddY8zmiK8Bi8iZ+ZtGmZhqm=,True,1
1954647640,67732380,51594768,67732380.0,UHnvDn/IvMQAvnAFAvqIIzMdEbsqx4GazLTedUHe4j4=,True,51594768.0,UHnvDn/IvMQAvnAFAvqIIzMdEbsqx4GazLTedUHe4j4=,True,1
1954647640,67732380,51594768,67732380.0,eg5aA8L4kMk6TBWADtEA4rvjpBOMk2frSU2/Pc2mZYm=,True,51594768.0,eg5aA8L4kMk6TBWADtEA4rvjpBOMk2frSU2/Pc2mZYm=,True,1
1955712686,235576142,228786076,235576142.0,Jb8SNvgvJNNMJescdHbofy02fZ6wpY1+x5fMPO0nteO=,True,228786076.0,Jb8SNvgvJNNMJescdHbofy02fZ6wpY1+x5fMPO0nteO=,True,1
1953994554,30153396,129295230,30153396.0,U+J33IBG2WOcbS1jGj2GdsLQb7GEilLaKjHIL29U0b0=,True,129295230.0,U+J33IBG2WOcbS1jGj2GdsLQb7GEilLaKjHIL29U0b0=,True,1
1955929340,235579716,80629986,235579716.0,4frUznPkj1NuGyDLkPfovV3mHm1MSGxIrXaz68I4n4m=,True,80629986.0,4frUznPkj1NuGyDLkPfovV3mHm1MSGxIrXaz68I4n4m=,True,1
1954626246,197784360,12132476,197784360.0,79NZWlJcqP6R4VsNMt0ZNnMfURvO4RNIMa5mjV/dbTm=,True,12132476.0,79NZWlJcqP6R4VsNMt0ZNnMfURvO4RNIMa5mjV/dbTm=,True,1
1953812320,235299524,229915488,235299524.0,QWPloLVNUPpaxlUjlJQytCXEc5FLy7HkzCcCX0DWdzg=,True,229915488.0,QWPloLVNUPpaxlUjlJQytCXEc5FLy7HkzCcCX0DWdzg=,True,1
1955615664,155985518,133103872,155985518.0,mXMinTptrdP3oRZVouadvY8pFTEnc59iXSa1NQ7N7O8=,True,133103872.0,mXMinTptrdP3oRZVouadvY8pFTEnc59iXSa1NQ7N7O8=,True,1
